"Chapter","Expansion","Kind","Category","Tier","Name","ReqLevel","ItemLevel","Link"
"1","ARR (2.0)","Duty","Raids","Alliance-Raid","The Labyrinth of the Ancients","50","50","https://na.finalfantasyxiv.com/lodestone/playguide/db/duty/d9f4e986d0e/"
"1","ARR (2.0)","Duty","Raids","Alliance-Raid","Syrcus Tower","50","70","https://na.finalfantasyxiv.com/lodestone/playguide/db/duty/47eb1d018b6/"
"1","ARR (2.0)","Duty","Raids","Alliance-Raid","The World of Darkness","50","90","https://na.finalfantasyxiv.com/lodestone/playguide/db/duty/7f0a3551ab6/"
"1","ARR (2.0)","Dungeon","Dungeon","Dungeon","Sastasha","15",,"https://na.finalfantasyxiv.com/lodestone/playguide/db/duty/b229b89b3a8/"
"1","ARR (2.0)","Dungeon","Dungeon","Dungeon","The Tam-Tara Deepcroft","16",,"https://na.finalfantasyxiv.com/lodestone/playguide/db/duty/29e71c3b0a0/"
"1","ARR (2.0)","Dungeon","Dungeon","Dungeon","Copperbell Mines","17",,"https://na.finalfantasyxiv.com/lodestone/playguide/db/duty/619923ac984/"
"1","ARR (2.0)","Dungeon","Dungeon","Dungeon","Halatali","20",,"https://na.finalfantasyxiv.com/lodestone/playguide/db/duty/98319325b98/"
"1","ARR (2.0)","Dungeon","Dungeon","Dungeon","The Thousand Maws of Toto-Rak","24",,"https://na.finalfantasyxiv.com/lodestone/playguide/db/duty/cf7612fa294/"
"1","ARR (2.0)","Dungeon","Dungeon","Dungeon","Haukke Manor","28",,"https://na.finalfantasyxiv.com/lodestone/playguide/db/duty/e9740dde26c/"
"1","ARR (2.0)","Dungeon","Dungeon","Dungeon","Brayflox's Longstop","32",,"https://na.finalfantasyxiv.com/lodestone/playguide/db/duty/e371c7ab919/"
"1","ARR (2.0)","Dungeon","Dungeon","Dungeon","The Sunken Temple of Qarn","35",,"https://na.finalfantasyxiv.com/lodestone/playguide/db/duty/b7a48152df9/"
"1","ARR (2.0)","Dungeon","Dungeon","Dungeon","Cutter's Cry","38",,"https://na.finalfantasyxiv.com/lodestone/playguide/db/duty/d601f85dc1e/"
"1","ARR (2.0)","Dungeon","Dungeon","Dungeon","The Stone Vigil","41",,"https://na.finalfantasyxiv.com/lodestone/playguide/db/duty/b6491e1b508/"
"1","ARR (2.0)","Dungeon","Dungeon","Dungeon","Dzemael Darkhold","44",,"https://na.finalfantasyxiv.com/lodestone/playguide/db/duty/4a36cbca533/"
"1","ARR (2.0)","Dungeon","Dungeon","Dungeon","The Aurum Vale","47",,"https://na.finalfantasyxiv.com/lodestone/playguide/db/duty/f507633618c/"
"1","ARR (2.0)","Dungeon","Dungeon","Dungeon","Castrum Meridianum","50","42","https://na.finalfantasyxiv.com/lodestone/playguide/db/duty/59c2b3b84fa/"
"1","ARR (2.0)","Dungeon","Dungeon","Dungeon","The Praetorium","50","42","https://na.finalfantasyxiv.com/lodestone/playguide/db/duty/f6de0165484/"
"1","ARR (2.0)","Dungeon","Dungeon","Dungeon","Amdapor Keep","50","45","https://na.finalfantasyxiv.com/lodestone/playguide/db/duty/ae8a92122ec/"
"1","ARR (2.0)","Dungeon","Dungeon","Dungeon","The Wanderer's Palace","50","45","https://na.finalfantasyxiv.com/lodestone/playguide/db/duty/3fd66be47b2/"
"1","ARR (2.0)","Dungeon","Dungeon","Dungeon","Copperbell Mines (Hard)","50","48","https://na.finalfantasyxiv.com/lodestone/playguide/db/duty/a780ca9b970/"
"1","ARR (2.0)","Dungeon","Dungeon","Dungeon","Haukke Manor (Hard)","50","48","https://na.finalfantasyxiv.com/lodestone/playguide/db/duty/61c74c68e00/"
"1","ARR (2.0)","Dungeon","Dungeon","Dungeon","Pharos Sirius","50","48","https://na.finalfantasyxiv.com/lodestone/playguide/db/duty/a8dd3748467/"
"1","ARR (2.0)","Dungeon","Dungeon","Dungeon","Brayflox's Longstop (Hard)","50","55","https://na.finalfantasyxiv.com/lodestone/playguide/db/duty/40681f6c94a/"
"1","ARR (2.0)","Dungeon","Dungeon","Dungeon","Halatali (Hard)","50","55","https://na.finalfantasyxiv.com/lodestone/playguide/db/duty/d536b8f0cc8/"
"1","ARR (2.0)","Dungeon","Dungeon","Dungeon","The Lost City of Amdapor","50","55","https://na.finalfantasyxiv.com/lodestone/playguide/db/duty/87d3b951d3d/"
"1","ARR (2.0)","Dungeon","Dungeon","Dungeon","Hullbreaker Isle","50","70","https://na.finalfantasyxiv.com/lodestone/playguide/db/duty/18aeffad7c5/"
"1","ARR (2.0)","Dungeon","Dungeon","Dungeon","The Stone Vigil (Hard)","50","70","https://na.finalfantasyxiv.com/lodestone/playguide/db/duty/418628edfbf/"
"1","ARR (2.0)","Dungeon","Dungeon","Dungeon","The Tam-Tara Deepcroft (Hard)","50","70","https://na.finalfantasyxiv.com/lodestone/playguide/db/duty/84d01fe5b6c/"
"1","ARR (2.0)","Dungeon","Dungeon","Dungeon","Sastasha (Hard)","50","80","https://na.finalfantasyxiv.com/lodestone/playguide/db/duty/df38ed5c808/"
"1","ARR (2.0)","Dungeon","Dungeon","Dungeon","Snowcloak","50","80","https://na.finalfantasyxiv.com/lodestone/playguide/db/duty/6f1778eb631/"
"1","ARR (2.0)","Dungeon","Dungeon","Dungeon","The Sunken Temple of Qarn (Hard)","50","80","https://na.finalfantasyxiv.com/lodestone/playguide/db/duty/6b35d4a1179/"
"1","ARR (2.0)","Dungeon","Dungeon","Dungeon","Amdapor Keep (Hard)","50","90","https://na.finalfantasyxiv.com/lodestone/playguide/db/duty/a4288ecf826/"
"1","ARR (2.0)","Dungeon","Dungeon","Dungeon","The Keeper of the Lake","50","90","https://na.finalfantasyxiv.com/lodestone/playguide/db/duty/5e75d2059af/"
"1","ARR (2.0)","Dungeon","Dungeon","Dungeon","The Wanderer's Palace (Hard)","50","90","https://na.finalfantasyxiv.com/lodestone/playguide/db/duty/7c11b0ba080/"
"1","ARR (2.0)","Duty","Raids","Raid-Normal","The Binding Coil of Bahamut - Turn 1","50","70","https://na.finalfantasyxiv.com/lodestone/playguide/db/duty/fade6531524/"
"1","ARR (2.0)","Duty","Raids","Raid-Normal","The Binding Coil of Bahamut - Turn 3","50","70","https://na.finalfantasyxiv.com/lodestone/playguide/db/duty/e67a875fc85/"
"1","ARR (2.0)","Duty","Raids","Raid-Normal","The Binding Coil of Bahamut - Turn 2","50","73","https://na.finalfantasyxiv.com/lodestone/playguide/db/duty/9c359c635d7/"
"1","ARR (2.0)","Duty","Raids","Raid-Normal","The Binding Coil of Bahamut - Turn 4","50","77","https://na.finalfantasyxiv.com/lodestone/playguide/db/duty/f5e0e0bdfbe/"
"1","ARR (2.0)","Duty","Raids","Raid-Normal","The Binding Coil of Bahamut - Turn 5","50","82","https://na.finalfantasyxiv.com/lodestone/playguide/db/duty/7134211f501/"
"1","ARR (2.0)","Duty","Raids","Raid-Normal","The Second Coil of Bahamut - Turn 1","50","90","https://na.finalfantasyxiv.com/lodestone/playguide/db/duty/744fe0d9e6e/"
"1","ARR (2.0)","Duty","Raids","Raid-Normal","The Second Coil of Bahamut - Turn 2","50","95","https://na.finalfantasyxiv.com/lodestone/playguide/db/duty/400cba1a77d/"
"1","ARR (2.0)","Duty","Raids","Raid-Normal","The Second Coil of Bahamut - Turn 3","50","100","https://na.finalfantasyxiv.com/lodestone/playguide/db/duty/87e821480bb/"
"1","ARR (2.0)","Duty","Raids","Raid-Normal","The Second Coil of Bahamut - Turn 4","50","105","https://na.finalfantasyxiv.com/lodestone/playguide/db/duty/1fed5f286f0/"
"1","ARR (2.0)","Duty","Raids","Raid-Normal","The Final Coil of Bahamut - Turn 1","50","110","https://na.finalfantasyxiv.com/lodestone/playguide/db/duty/debdbcb0b6a/"
"1","ARR (2.0)","Duty","Raids","Raid-Normal","The Final Coil of Bahamut - Turn 2","50","115","https://na.finalfantasyxiv.com/lodestone/playguide/db/duty/bcb01b1b218/"
"1","ARR (2.0)","Duty","Raids","Raid-Normal","The Final Coil of Bahamut - Turn 3","50","120","https://na.finalfantasyxiv.com/lodestone/playguide/db/duty/d23c00881c6/"
"1","ARR (2.0)","Duty","Raids","Raid-Normal","The Final Coil of Bahamut - Turn 4","50","123","https://na.finalfantasyxiv.com/lodestone/playguide/db/duty/f086f0517d0/"
"1","ARR (2.0)","Duty","Raids","Raid-Savage","The Second Coil of Bahamut (Savage) - Turn 1","50","105","https://na.finalfantasyxiv.com/lodestone/playguide/db/duty/80a9ef97b78/"
"1","ARR (2.0)","Duty","Raids","Raid-Savage","The Second Coil of Bahamut (Savage) - Turn 2","50","105","https://na.finalfantasyxiv.com/lodestone/playguide/db/duty/853b4775a42/"
"1","ARR (2.0)","Duty","Raids","Raid-Savage","The Second Coil of Bahamut (Savage) - Turn 3","50","105","https://na.finalfantasyxiv.com/lodestone/playguide/db/duty/a674fe41a1a/"
"1","ARR (2.0)","Duty","Raids","Raid-Savage","The Second Coil of Bahamut (Savage) - Turn 4","50","105","https://na.finalfantasyxiv.com/lodestone/playguide/db/duty/0065196fbe4/"
"1","ARR (2.0)","Duty","Trials","Trial-Extreme","The Howling Eye (Extreme)","50","65","https://na.finalfantasyxiv.com/lodestone/playguide/db/duty/7c17ae70cc6/"
"1","ARR (2.0)","Duty","Trials","Trial-Extreme","The Navel (Extreme)","50","67","https://na.finalfantasyxiv.com/lodestone/playguide/db/duty/589c727302e/"
"1","ARR (2.0)","Duty","Trials","Trial-Extreme","The Bowl of Embers (Extreme)","50","70","https://na.finalfantasyxiv.com/lodestone/playguide/db/duty/6af1a94ccca/"
"1","ARR (2.0)","Duty","Trials","Trial-Extreme","The <i>Whorleater</i> (Extreme)","50","80","https://na.finalfantasyxiv.com/lodestone/playguide/db/duty/0850a8627aa/"
"1","ARR (2.0)","Duty","Trials","Trial-Extreme","Thornmarch (Extreme)","50","80","https://na.finalfantasyxiv.com/lodestone/playguide/db/duty/b7c47c44490/"
"1","ARR (2.0)","Duty","Trials","Trial-Extreme","The Striking Tree (Extreme)","50","85","https://na.finalfantasyxiv.com/lodestone/playguide/db/duty/4d8cae741db/"
"1","ARR (2.0)","Duty","Trials","Trial-Extreme","The Akh Afah Amphitheatre (Extreme)","50","95","https://na.finalfantasyxiv.com/lodestone/playguide/db/duty/5f786d57228/"
"1","ARR (2.0)","Duty","Trials","Trial-Normal","The Bowl of Embers","20",,"https://na.finalfantasyxiv.com/lodestone/playguide/db/duty/c3e6020e9e6/"
"1","ARR (2.0)","Duty","Trials","Trial-Normal","The Navel","34",,"https://na.finalfantasyxiv.com/lodestone/playguide/db/duty/859d01176cd/"
"1","ARR (2.0)","Duty","Trials","Trial-Normal","The Howling Eye","44",,"https://na.finalfantasyxiv.com/lodestone/playguide/db/duty/9c8db3d95b6/"
"1","ARR (2.0)","Duty","Trials","Trial-Normal","The Porta Decumana","50","42","https://na.finalfantasyxiv.com/lodestone/playguide/db/duty/f369418dbf8/"
"1","ARR (2.0)","Duty","Trials","Trial-Normal","The Bowl of Embers (Hard)","50","49","https://na.finalfantasyxiv.com/lodestone/playguide/db/duty/2640986aff3/"
"1","ARR (2.0)","Duty","Trials","Trial-Normal","Battle on the Big Bridge","50","50","https://na.finalfantasyxiv.com/lodestone/playguide/db/duty/c370021f429/"
"1","ARR (2.0)","Duty","Trials","Trial-Normal","A Relic Reborn: the Chimera","50","52","https://na.finalfantasyxiv.com/lodestone/playguide/db/duty/decf353d4e7/"
"1","ARR (2.0)","Duty","Trials","Trial-Normal","A Relic Reborn: the Hydra","50","52","https://na.finalfantasyxiv.com/lodestone/playguide/db/duty/c87fbc421a0/"
"1","ARR (2.0)","Duty","Trials","Trial-Normal","The Howling Eye (Hard)","50","52","https://na.finalfantasyxiv.com/lodestone/playguide/db/duty/b74b4328a17/"
"1","ARR (2.0)","Duty","Trials","Trial-Normal","Thornmarch (Hard)","50","54","https://na.finalfantasyxiv.com/lodestone/playguide/db/duty/6a88aecaec1/"
"1","ARR (2.0)","Duty","Trials","Trial-Normal","The Navel (Hard)","50","57","https://na.finalfantasyxiv.com/lodestone/playguide/db/duty/349d6ca4465/"
"1","ARR (2.0)","Duty","Trials","Trial-Normal","The <i>Whorleater</i> (Hard)","50","60","https://na.finalfantasyxiv.com/lodestone/playguide/db/duty/a9147177b7a/"
"1","ARR (2.0)","Duty","Trials","Trial-Normal","The Minstrel's Ballad: Ultima's Bane","50","61","https://na.finalfantasyxiv.com/lodestone/playguide/db/duty/0de44d2eccf/"
"1","ARR (2.0)","Duty","Trials","Trial-Normal","The Striking Tree (Hard)","50","65","https://na.finalfantasyxiv.com/lodestone/playguide/db/duty/520ffafb60d/"
"1","ARR (2.0)","Duty","Trials","Trial-Normal","The Akh Afah Amphitheatre (Hard)","50","80","https://na.finalfantasyxiv.com/lodestone/playguide/db/duty/c38bedcfa46/"
"1","ARR (2.0)","Duty","Trials","Trial-Normal","The Dragon's Neck","50","80","https://na.finalfantasyxiv.com/lodestone/playguide/db/duty/a74020d08e8/"
"1","ARR (2.0)","Duty","Trials","Trial-Normal","Battle in the Big Keep","50","90","https://na.finalfantasyxiv.com/lodestone/playguide/db/duty/cb876745bce/"
"1","ARR (2.0)","Duty","Trials","Trial-Normal","The Chrysalis","50","90","https://na.finalfantasyxiv.com/lodestone/playguide/db/duty/2fac3746c16/"
"1","ARR (2.0)","Duty","Trials","Trial-Normal","Urth's Fount","50","95","https://na.finalfantasyxiv.com/lodestone/playguide/db/duty/21d8c5bd54b/"
"2","Heavensward (3.0)","Duty","Raids","Alliance-Raid","The Void Ark","60","175","https://na.finalfantasyxiv.com/lodestone/playguide/db/duty/07fc9cb5bc8/"
"2","Heavensward (3.0)","Duty","Raids","Alliance-Raid","The Weeping City of Mhach","60","205","https://na.finalfantasyxiv.com/lodestone/playguide/db/duty/b0a1515fd3d/"
"2","Heavensward (3.0)","Duty","Raids","Alliance-Raid","Dun Scaith","60","235","https://na.finalfantasyxiv.com/lodestone/playguide/db/duty/35a8825ed8e/"
"2","Heavensward (3.0)","Dungeon","Dungeon","Dungeon","The Dusk Vigil","51","100","https://na.finalfantasyxiv.com/lodestone/playguide/db/duty/df5ab8bfd61/"
"2","Heavensward (3.0)","Dungeon","Dungeon","Dungeon","Sohm Al","53","105","https://na.finalfantasyxiv.com/lodestone/playguide/db/duty/eed0add7a62/"
"2","Heavensward (3.0)","Dungeon","Dungeon","Dungeon","The Aery","55","110","https://na.finalfantasyxiv.com/lodestone/playguide/db/duty/339c4923556/"
"2","Heavensward (3.0)","Dungeon","Dungeon","Dungeon","The Vault","57","115","https://na.finalfantasyxiv.com/lodestone/playguide/db/duty/a62f7ee3718/"
"2","Heavensward (3.0)","Dungeon","Dungeon","Dungeon","The Great Gubal Library","59","120","https://na.finalfantasyxiv.com/lodestone/playguide/db/duty/f368b40c648/"
"2","Heavensward (3.0)","Dungeon","Dungeon","Dungeon","The Aetherochemical Research Facility","60","142","https://na.finalfantasyxiv.com/lodestone/playguide/db/duty/923e0a1d1d0/"
"2","Heavensward (3.0)","Dungeon","Dungeon","Dungeon","Neverreap","60","145","https://na.finalfantasyxiv.com/lodestone/playguide/db/duty/618168354ea/"
"2","Heavensward (3.0)","Dungeon","Dungeon","Dungeon","The Fractal Continuum","60","145","https://na.finalfantasyxiv.com/lodestone/playguide/db/duty/c39cf50a6a5/"
"2","Heavensward (3.0)","Dungeon","Dungeon","Dungeon","Pharos Sirius (Hard)","60","170","https://na.finalfantasyxiv.com/lodestone/playguide/db/duty/cd500c08682/"
"2","Heavensward (3.0)","Dungeon","Dungeon","Dungeon","Saint Mocianne's Arboretum","60","170","https://na.finalfantasyxiv.com/lodestone/playguide/db/duty/cdad1cb65e8/"
"2","Heavensward (3.0)","Dungeon","Dungeon","Dungeon","The Antitower","60","180","https://na.finalfantasyxiv.com/lodestone/playguide/db/duty/36e172ff46c/"
"2","Heavensward (3.0)","Dungeon","Dungeon","Dungeon","The Lost City of Amdapor (Hard)","60","180","https://na.finalfantasyxiv.com/lodestone/playguide/db/duty/193a96b0fa4/"
"2","Heavensward (3.0)","Dungeon","Dungeon","Dungeon","Hullbreaker Isle (Hard)","60","200","https://na.finalfantasyxiv.com/lodestone/playguide/db/duty/313b1415d0f/"
"2","Heavensward (3.0)","Dungeon","Dungeon","Dungeon","Sohr Khai","60","200","https://na.finalfantasyxiv.com/lodestone/playguide/db/duty/a8c7c5c13bd/"
"2","Heavensward (3.0)","Dungeon","Dungeon","Dungeon","The Great Gubal Library (Hard)","60","210","https://na.finalfantasyxiv.com/lodestone/playguide/db/duty/d6e98e35e6f/"
"2","Heavensward (3.0)","Dungeon","Dungeon","Dungeon","Xelphatol","60","210","https://na.finalfantasyxiv.com/lodestone/playguide/db/duty/1d95a773990/"
"2","Heavensward (3.0)","Dungeon","Dungeon","Dungeon","Baelsar's Wall","60","230","https://na.finalfantasyxiv.com/lodestone/playguide/db/duty/bc72ef27ade/"
"2","Heavensward (3.0)","Dungeon","Dungeon","Dungeon","Sohm Al (Hard)","60","230","https://na.finalfantasyxiv.com/lodestone/playguide/db/duty/9bd9004a140/"
"2","Heavensward (3.0)","Duty","Raids","Raid-Normal","Alexander - The Arm of the Father","60","170","https://na.finalfantasyxiv.com/lodestone/playguide/db/duty/16d0ba16753/"
"2","Heavensward (3.0)","Duty","Raids","Raid-Normal","Alexander - The Burden of the Father","60","170","https://na.finalfantasyxiv.com/lodestone/playguide/db/duty/0e9dbcd3e88/"
"2","Heavensward (3.0)","Duty","Raids","Raid-Normal","Alexander - The Cuff of the Father","60","170","https://na.finalfantasyxiv.com/lodestone/playguide/db/duty/157799be6d1/"
"2","Heavensward (3.0)","Duty","Raids","Raid-Normal","Alexander - The Fist of the Father","60","170","https://na.finalfantasyxiv.com/lodestone/playguide/db/duty/5877d34ab3d/"
"2","Heavensward (3.0)","Duty","Raids","Raid-Normal","Alexander - The Arm of the Son","60","200","https://na.finalfantasyxiv.com/lodestone/playguide/db/duty/b919a88ec20/"
"2","Heavensward (3.0)","Duty","Raids","Raid-Normal","Alexander - The Burden of the Son","60","200","https://na.finalfantasyxiv.com/lodestone/playguide/db/duty/d3146ecb9f8/"
"2","Heavensward (3.0)","Duty","Raids","Raid-Normal","Alexander - The Cuff of the Son","60","200","https://na.finalfantasyxiv.com/lodestone/playguide/db/duty/1a42720a2b8/"
"2","Heavensward (3.0)","Duty","Raids","Raid-Normal","Alexander - The Fist of the Son","60","200","https://na.finalfantasyxiv.com/lodestone/playguide/db/duty/39c6854e6a8/"
"2","Heavensward (3.0)","Duty","Raids","Raid-Normal","Alexander - The Breath of the Creator","60","230","https://na.finalfantasyxiv.com/lodestone/playguide/db/duty/54cc9b3db16/"
"2","Heavensward (3.0)","Duty","Raids","Raid-Normal","Alexander - The Eyes of the Creator","60","230","https://na.finalfantasyxiv.com/lodestone/playguide/db/duty/91e7c2d4647/"
"2","Heavensward (3.0)","Duty","Raids","Raid-Normal","Alexander - The Heart of the Creator","60","230","https://na.finalfantasyxiv.com/lodestone/playguide/db/duty/3c58fc35be5/"
"2","Heavensward (3.0)","Duty","Raids","Raid-Normal","Alexander - The Soul of the Creator","60","230","https://na.finalfantasyxiv.com/lodestone/playguide/db/duty/5516e8fd14f/"
"2","Heavensward (3.0)","Duty","Raids","Raid-Savage","Alexander - The Fist of the Father (Savage)","60","190","https://na.finalfantasyxiv.com/lodestone/playguide/db/duty/747c862dc22/"
"2","Heavensward (3.0)","Duty","Raids","Raid-Savage","Alexander - The Cuff of the Father (Savage)","60","195","https://na.finalfantasyxiv.com/lodestone/playguide/db/duty/820a11812ab/"
"2","Heavensward (3.0)","Duty","Raids","Raid-Savage","Alexander - The Arm of the Father (Savage)","60","200","https://na.finalfantasyxiv.com/lodestone/playguide/db/duty/aa5e1798294/"
"2","Heavensward (3.0)","Duty","Raids","Raid-Savage","Alexander - The Burden of the Father (Savage)","60","205","https://na.finalfantasyxiv.com/lodestone/playguide/db/duty/fd7aa157f29/"
"2","Heavensward (3.0)","Duty","Raids","Raid-Savage","Alexander - The Fist of the Son (Savage)","60","215","https://na.finalfantasyxiv.com/lodestone/playguide/db/duty/2cf52917501/"
"2","Heavensward (3.0)","Duty","Raids","Raid-Savage","Alexander - The Cuff of the Son (Savage)","60","220","https://na.finalfantasyxiv.com/lodestone/playguide/db/duty/0ed79e8abf3/"
"2","Heavensward (3.0)","Duty","Raids","Raid-Savage","Alexander - The Arm of the Son (Savage)","60","225","https://na.finalfantasyxiv.com/lodestone/playguide/db/duty/e003bd330e2/"
"2","Heavensward (3.0)","Duty","Raids","Raid-Savage","Alexander - The Burden of the Son (Savage)","60","225","https://na.finalfantasyxiv.com/lodestone/playguide/db/duty/f93d68d7d3c/"
"2","Heavensward (3.0)","Duty","Raids","Raid-Savage","Alexander - The Eyes of the Creator (Savage)","60","245","https://na.finalfantasyxiv.com/lodestone/playguide/db/duty/20c0e4f75a6/"
"2","Heavensward (3.0)","Duty","Raids","Raid-Savage","Alexander - The Breath of the Creator (Savage)","60","250","https://na.finalfantasyxiv.com/lodestone/playguide/db/duty/d5f9f998466/"
"2","Heavensward (3.0)","Duty","Raids","Raid-Savage","Alexander - The Heart of the Creator (Savage)","60","255","https://na.finalfantasyxiv.com/lodestone/playguide/db/duty/a1ebaba1ae8/"
"2","Heavensward (3.0)","Duty","Raids","Raid-Savage","Alexander - The Soul of the Creator (Savage)","60","255","https://na.finalfantasyxiv.com/lodestone/playguide/db/duty/def61a894af/"
"2","Heavensward (3.0)","Duty","Trials","Trial-Extreme","The Limitless Blue (Extreme)","60","165","https://na.finalfantasyxiv.com/lodestone/playguide/db/duty/e9bb63551a4/"
"2","Heavensward (3.0)","Duty","Trials","Trial-Extreme","Thok ast Thok (Extreme)","60","175","https://na.finalfantasyxiv.com/lodestone/playguide/db/duty/83f028575c8/"
"2","Heavensward (3.0)","Duty","Trials","Trial-Extreme","Containment Bay S1T7 (Extreme)","60","205","https://na.finalfantasyxiv.com/lodestone/playguide/db/duty/e05c982993d/"
"2","Heavensward (3.0)","Duty","Trials","Trial-Extreme","Containment Bay P1T6 (Extreme)","60","235","https://na.finalfantasyxiv.com/lodestone/playguide/db/duty/212ceb19a34/"
"2","Heavensward (3.0)","Duty","Trials","Trial-Extreme","Containment Bay Z1T9 (Extreme)","60","250","https://na.finalfantasyxiv.com/lodestone/playguide/db/duty/26a86785be9/"
"2","Heavensward (3.0)","Duty","Trials","Trial-Normal","Thok ast Thok (Hard)","53",,"https://na.finalfantasyxiv.com/lodestone/playguide/db/duty/f55bdb9e34e/"
"2","Heavensward (3.0)","Duty","Trials","Trial-Normal","The Limitless Blue (Hard)","57",,"https://na.finalfantasyxiv.com/lodestone/playguide/db/duty/26fe48f4631/"
"2","Heavensward (3.0)","Duty","Trials","Trial-Normal","The Singularity Reactor","60","142","https://na.finalfantasyxiv.com/lodestone/playguide/db/duty/12c172943bc/"
"2","Heavensward (3.0)","Duty","Trials","Trial-Normal","Containment Bay S1T7","60","190","https://na.finalfantasyxiv.com/lodestone/playguide/db/duty/08c9d224d28/"
"2","Heavensward (3.0)","Duty","Trials","Trial-Normal","The Minstrel's Ballad: Thordan's Reign","60","190","https://na.finalfantasyxiv.com/lodestone/playguide/db/duty/a8a4860068c/"
"2","Heavensward (3.0)","Duty","Trials","Trial-Normal","The Final Steps of Faith","60","205","https://na.finalfantasyxiv.com/lodestone/playguide/db/duty/2caf2e26f12/"
"2","Heavensward (3.0)","Duty","Trials","Trial-Normal","Containment Bay P1T6","60","220","https://na.finalfantasyxiv.com/lodestone/playguide/db/duty/83e0064270d/"
"2","Heavensward (3.0)","Duty","Trials","Trial-Normal","The Minstrel's Ballad: Nidhogg's Rage","60","220","https://na.finalfantasyxiv.com/lodestone/playguide/db/duty/0e880006330/"
"2","Heavensward (3.0)","Duty","Trials","Trial-Normal","Containment Bay Z1T9","60","235","https://na.finalfantasyxiv.com/lodestone/playguide/db/duty/8ff3c52798c/"
"3","Stormblood (4.0)","Duty","Raids","Alliance-Raid","The Royal City of Rabanastre","70","305","https://na.finalfantasyxiv.com/lodestone/playguide/db/duty/56209386296/"
"3","Stormblood (4.0)","Duty","Raids","Alliance-Raid","The Ridorana Lighthouse","70","335","https://na.finalfantasyxiv.com/lodestone/playguide/db/duty/390fb10fd68/"
"3","Stormblood (4.0)","Duty","Raids","Alliance-Raid","The Orbonne Monastery","70","365","https://na.finalfantasyxiv.com/lodestone/playguide/db/duty/95dbcc947db/"
"3","Stormblood (4.0)","Dungeon","Dungeon","Dungeon","The Sirensong Sea","61","240","https://na.finalfantasyxiv.com/lodestone/playguide/db/duty/471227e1ee7/"
"3","Stormblood (4.0)","Dungeon","Dungeon","Dungeon","Shisui of the Violet Tides","63","245","https://na.finalfantasyxiv.com/lodestone/playguide/db/duty/39ba54ada1c/"
"3","Stormblood (4.0)","Dungeon","Dungeon","Dungeon","Bardam's Mettle","65","250","https://na.finalfantasyxiv.com/lodestone/playguide/db/duty/53d7100d839/"
"3","Stormblood (4.0)","Dungeon","Dungeon","Dungeon","Doma Castle","67","255","https://na.finalfantasyxiv.com/lodestone/playguide/db/duty/cd924bd8eac/"
"3","Stormblood (4.0)","Dungeon","Dungeon","Dungeon","Castrum Abania","69","260","https://na.finalfantasyxiv.com/lodestone/playguide/db/duty/e635797754f/"
"3","Stormblood (4.0)","Dungeon","Dungeon","Dungeon","Ala Mhigo","70","280","https://na.finalfantasyxiv.com/lodestone/playguide/db/duty/c71bb06e67b/"
"3","Stormblood (4.0)","Dungeon","Dungeon","Dungeon","Kugane Castle","70","280","https://na.finalfantasyxiv.com/lodestone/playguide/db/duty/37d0e83919d/"
"3","Stormblood (4.0)","Dungeon","Dungeon","Dungeon","The Temple of the Fist","70","280","https://na.finalfantasyxiv.com/lodestone/playguide/db/duty/23edcb0d626/"
"3","Stormblood (4.0)","Dungeon","Dungeon","Dungeon","The Drowned City of Skalla","70","300","https://na.finalfantasyxiv.com/lodestone/playguide/db/duty/47ef709fb04/"
"3","Stormblood (4.0)","Dungeon","Dungeon","Dungeon","Hells' Lid","70","310","https://na.finalfantasyxiv.com/lodestone/playguide/db/duty/f9ab5899e9d/"
"3","Stormblood (4.0)","Dungeon","Dungeon","Dungeon","The Fractal Continuum (Hard)","70","310","https://na.finalfantasyxiv.com/lodestone/playguide/db/duty/b8bea03880d/"
"3","Stormblood (4.0)","Dungeon","Dungeon","Dungeon","The Swallow's Compass","70","330","https://na.finalfantasyxiv.com/lodestone/playguide/db/duty/35ed52cf463/"
"3","Stormblood (4.0)","Dungeon","Dungeon","Dungeon","Saint Mocianne's Arboretum (Hard)","70","340","https://na.finalfantasyxiv.com/lodestone/playguide/db/duty/25cf070eeb4/"
"3","Stormblood (4.0)","Dungeon","Dungeon","Dungeon","The Burn","70","340","https://na.finalfantasyxiv.com/lodestone/playguide/db/duty/c8608c977a6/"
"3","Stormblood (4.0)","Dungeon","Dungeon","Dungeon","The Ghimlyt Dark","70","360","https://na.finalfantasyxiv.com/lodestone/playguide/db/duty/33a05f144e4/"
"3","Stormblood (4.0)","Duty","Raids","Raid-Normal","Deltascape V1.0","70","295","https://na.finalfantasyxiv.com/lodestone/playguide/db/duty/8e7cf4fcca2/"
"3","Stormblood (4.0)","Duty","Raids","Raid-Normal","Deltascape V2.0","70","295","https://na.finalfantasyxiv.com/lodestone/playguide/db/duty/9322cea310c/"
"3","Stormblood (4.0)","Duty","Raids","Raid-Normal","Deltascape V3.0","70","295","https://na.finalfantasyxiv.com/lodestone/playguide/db/duty/1d0f4877cf2/"
"3","Stormblood (4.0)","Duty","Raids","Raid-Normal","Deltascape V4.0","70","295","https://na.finalfantasyxiv.com/lodestone/playguide/db/duty/76f228004f2/"
"3","Stormblood (4.0)","Duty","Raids","Raid-Normal","Sigmascape V1.0","70","325","https://na.finalfantasyxiv.com/lodestone/playguide/db/duty/98bb0f8e2f5/"
"3","Stormblood (4.0)","Duty","Raids","Raid-Normal","Sigmascape V2.0","70","325","https://na.finalfantasyxiv.com/lodestone/playguide/db/duty/e89c7361d67/"
"3","Stormblood (4.0)","Duty","Raids","Raid-Normal","Sigmascape V3.0","70","325","https://na.finalfantasyxiv.com/lodestone/playguide/db/duty/dd9b573806a/"
"3","Stormblood (4.0)","Duty","Raids","Raid-Normal","Sigmascape V4.0","70","325","https://na.finalfantasyxiv.com/lodestone/playguide/db/duty/f6bdf734a4a/"
"3","Stormblood (4.0)","Duty","Raids","Raid-Normal","Alphascape V1.0","70","355","https://na.finalfantasyxiv.com/lodestone/playguide/db/duty/4cdb4098c20/"
"3","Stormblood (4.0)","Duty","Raids","Raid-Normal","Alphascape V2.0","70","355","https://na.finalfantasyxiv.com/lodestone/playguide/db/duty/43a122b16c2/"
"3","Stormblood (4.0)","Duty","Raids","Raid-Normal","Alphascape V3.0","70","355","https://na.finalfantasyxiv.com/lodestone/playguide/db/duty/0b697689a12/"
"3","Stormblood (4.0)","Duty","Raids","Raid-Normal","Alphascape V4.0","70","355","https://na.finalfantasyxiv.com/lodestone/playguide/db/duty/6164ec419fe/"
"3","Stormblood (4.0)","Duty","Raids","Raid-Savage","Deltascape V1.0 (Savage)","70","310","https://na.finalfantasyxiv.com/lodestone/playguide/db/duty/7ba45eb83a8/"
"3","Stormblood (4.0)","Duty","Raids","Raid-Savage","Deltascape V2.0 (Savage)","70","315","https://na.finalfantasyxiv.com/lodestone/playguide/db/duty/8e638aa5413/"
"3","Stormblood (4.0)","Duty","Raids","Raid-Savage","Deltascape V3.0 (Savage)","70","320","https://na.finalfantasyxiv.com/lodestone/playguide/db/duty/1b57dd15e71/"
"3","Stormblood (4.0)","Duty","Raids","Raid-Savage","Deltascape V4.0 (Savage)","70","320","https://na.finalfantasyxiv.com/lodestone/playguide/db/duty/0b519d7fd00/"
"3","Stormblood (4.0)","Duty","Raids","Raid-Savage","Sigmascape V1.0 (Savage)","70","340","https://na.finalfantasyxiv.com/lodestone/playguide/db/duty/c6a225d5436/"
"3","Stormblood (4.0)","Duty","Raids","Raid-Savage","Sigmascape V2.0 (Savage)","70","345","https://na.finalfantasyxiv.com/lodestone/playguide/db/duty/be562bd1bdc/"
"3","Stormblood (4.0)","Duty","Raids","Raid-Savage","Sigmascape V3.0 (Savage)","70","350","https://na.finalfantasyxiv.com/lodestone/playguide/db/duty/6196f1cd409/"
"3","Stormblood (4.0)","Duty","Raids","Raid-Savage","Sigmascape V4.0 (Savage)","70","350","https://na.finalfantasyxiv.com/lodestone/playguide/db/duty/28d9a03c886/"
"3","Stormblood (4.0)","Duty","Raids","Raid-Savage","Alphascape V1.0 (Savage)","70","370","https://na.finalfantasyxiv.com/lodestone/playguide/db/duty/da2590c3569/"
"3","Stormblood (4.0)","Duty","Raids","Raid-Savage","Alphascape V2.0 (Savage)","70","375","https://na.finalfantasyxiv.com/lodestone/playguide/db/duty/aa718108575/"
"3","Stormblood (4.0)","Duty","Raids","Raid-Savage","Alphascape V3.0 (Savage)","70","380","https://na.finalfantasyxiv.com/lodestone/playguide/db/duty/5e1eccd3304/"
"3","Stormblood (4.0)","Duty","Raids","Raid-Savage","Alphascape V4.0 (Savage)","70","380","https://na.finalfantasyxiv.com/lodestone/playguide/db/duty/33360b27f26/"
"3","Stormblood (4.0)","Duty","Trials","Trial-Extreme","Emanation (Extreme)","70","300","https://na.finalfantasyxiv.com/lodestone/playguide/db/duty/7de6a27d145/"
"3","Stormblood (4.0)","Duty","Trials","Trial-Extreme","The Pool of Tribute (Extreme)","70","300","https://na.finalfantasyxiv.com/lodestone/playguide/db/duty/b28f61e6212/"
"3","Stormblood (4.0)","Duty","Trials","Trial-Extreme","The Jade Stoa (Extreme)","70","340","https://na.finalfantasyxiv.com/lodestone/playguide/db/duty/44fc4abc0eb/"
"3","Stormblood (4.0)","Duty","Trials","Trial-Extreme","The Great Hunt (Extreme)","70","350","https://na.finalfantasyxiv.com/lodestone/playguide/db/duty/52328939737/"
"3","Stormblood (4.0)","Duty","Trials","Trial-Extreme","Hells' Kier (Extreme)","70","370","https://na.finalfantasyxiv.com/lodestone/playguide/db/duty/628e9a05d34/"
"3","Stormblood (4.0)","Duty","Trials","Trial-Extreme","The Wreath of Snakes (Extreme)","70","380","https://na.finalfantasyxiv.com/lodestone/playguide/db/duty/c79d50c803d/"
"3","Stormblood (4.0)","Duty","Trials","Trial-Normal","The Pool of Tribute","63",,"https://na.finalfantasyxiv.com/lodestone/playguide/db/duty/5806cb2d995/"
"3","Stormblood (4.0)","Duty","Trials","Trial-Normal","Emanation","67",,"https://na.finalfantasyxiv.com/lodestone/playguide/db/duty/7992a4eab66/"
"3","Stormblood (4.0)","Duty","Trials","Trial-Normal","The Royal Menagerie","70","280","https://na.finalfantasyxiv.com/lodestone/playguide/db/duty/13be0500007/"
"3","Stormblood (4.0)","Duty","Trials","Trial-Normal","The Great Hunt","70","320","https://na.finalfantasyxiv.com/lodestone/playguide/db/duty/a8b065d443b/"
"3","Stormblood (4.0)","Duty","Trials","Trial-Normal","The Minstrel's Ballad: Shinryu's Domain","70","320","https://na.finalfantasyxiv.com/lodestone/playguide/db/duty/8c829b8dd8c/"
"3","Stormblood (4.0)","Duty","Trials","Trial-Normal","The Jade Stoa","70","325","https://na.finalfantasyxiv.com/lodestone/playguide/db/duty/f1fc9fb6093/"
"3","Stormblood (4.0)","Duty","Trials","Trial-Normal","Castrum Fluminis","70","335","https://na.finalfantasyxiv.com/lodestone/playguide/db/duty/10fe97ad942/"
"3","Stormblood (4.0)","Duty","Trials","Trial-Normal","The Minstrel's Ballad: Tsukuyomi's Pain","70","350","https://na.finalfantasyxiv.com/lodestone/playguide/db/duty/0919d2674e0/"
"3","Stormblood (4.0)","Duty","Trials","Trial-Normal","Hells' Kier","70","355","https://na.finalfantasyxiv.com/lodestone/playguide/db/duty/ea0f6440546/"
"3","Stormblood (4.0)","Duty","Trials","Trial-Normal","Kugane Ohashi","70","365","https://na.finalfantasyxiv.com/lodestone/playguide/db/duty/bad56c435a5/"
"3","Stormblood (4.0)","Duty","Trials","Trial-Normal","The Wreath of Snakes","70","365","https://na.finalfantasyxiv.com/lodestone/playguide/db/duty/c19b83441e4/"
"3","Stormblood (4.0)","Duty","Ultimate","Ultimate","The Unending Coil of Bahamut (Ultimate)","70",,"https://na.finalfantasyxiv.com/lodestone/playguide/db/duty/1a863f1ea3b/"
"3","Stormblood (4.0)","Duty","Ultimate","Ultimate","The Weapon's Refrain (Ultimate)","70",,"https://na.finalfantasyxiv.com/lodestone/playguide/db/duty/e6c2c586ba6/"
"4","Shadowbringers (5.0)","Duty","Raids","Alliance-Raid","The Copied Factory","80","435","https://na.finalfantasyxiv.com/lodestone/playguide/db/duty/ed86e5291b2/"
"4","Shadowbringers (5.0)","Duty","Raids","Alliance-Raid","The Puppets' Bunker","80","465","https://na.finalfantasyxiv.com/lodestone/playguide/db/duty/889b8d8cfa4/"
"4","Shadowbringers (5.0)","Duty","Raids","Alliance-Raid","The Tower at Paradigm's Breach","80","495","https://na.finalfantasyxiv.com/lodestone/playguide/db/duty/f1a29897772/"
"4","Shadowbringers (5.0)","Dungeon","Dungeon","Dungeon","Holminster Switch","71","370","https://na.finalfantasyxiv.com/lodestone/playguide/db/duty/a6165958a5c/"
"4","Shadowbringers (5.0)","Dungeon","Dungeon","Dungeon","Dohn Mheg","73","375","https://na.finalfantasyxiv.com/lodestone/playguide/db/duty/5f9f024b774/"
"4","Shadowbringers (5.0)","Dungeon","Dungeon","Dungeon","The Qitana Ravel","75","380","https://na.finalfantasyxiv.com/lodestone/playguide/db/duty/3aff2d6760c/"
"4","Shadowbringers (5.0)","Dungeon","Dungeon","Dungeon","Malikah's Well","77","385","https://na.finalfantasyxiv.com/lodestone/playguide/db/duty/f8fff809d77/"
"4","Shadowbringers (5.0)","Dungeon","Dungeon","Dungeon","Mt. Gulg","79","390","https://na.finalfantasyxiv.com/lodestone/playguide/db/duty/72f2e86daba/"
"4","Shadowbringers (5.0)","Dungeon","Dungeon","Dungeon","Akadaemia Anyder","80","410","https://na.finalfantasyxiv.com/lodestone/playguide/db/duty/d2b053e4e31/"
"4","Shadowbringers (5.0)","Dungeon","Dungeon","Dungeon","Amaurot","80","410","https://na.finalfantasyxiv.com/lodestone/playguide/db/duty/c5de427bfef/"
"4","Shadowbringers (5.0)","Dungeon","Dungeon","Dungeon","The Twinning","80","410","https://na.finalfantasyxiv.com/lodestone/playguide/db/duty/be6a14f45a6/"
"4","Shadowbringers (5.0)","Dungeon","Dungeon","Dungeon","The Grand Cosmos","80","430","https://na.finalfantasyxiv.com/lodestone/playguide/db/duty/1f246825352/"
"4","Shadowbringers (5.0)","Dungeon","Dungeon","Dungeon","Anamnesis Anyder","80","440","https://na.finalfantasyxiv.com/lodestone/playguide/db/duty/969e6501eb7/"
"4","Shadowbringers (5.0)","Dungeon","Dungeon","Dungeon","The Heroes' Gauntlet","80","460","https://na.finalfantasyxiv.com/lodestone/playguide/db/duty/44073b7449c/"
"4","Shadowbringers (5.0)","Dungeon","Dungeon","Dungeon","Matoya's Relict","80","470","https://na.finalfantasyxiv.com/lodestone/playguide/db/duty/5a30eb6b20d/"
"4","Shadowbringers (5.0)","Dungeon","Dungeon","Dungeon","Paglth'an","80","490","https://na.finalfantasyxiv.com/lodestone/playguide/db/duty/81f08141768/"
"4","Shadowbringers (5.0)","Duty","Raids","Raid-Normal","Eden's Gate: Descent","80","425","https://na.finalfantasyxiv.com/lodestone/playguide/db/duty/f82bc5d8d71/"
"4","Shadowbringers (5.0)","Duty","Raids","Raid-Normal","Eden's Gate: Inundation","80","425","https://na.finalfantasyxiv.com/lodestone/playguide/db/duty/4618e49f844/"
"4","Shadowbringers (5.0)","Duty","Raids","Raid-Normal","Eden's Gate: Resurrection","80","425","https://na.finalfantasyxiv.com/lodestone/playguide/db/duty/a3549ccbd94/"
"4","Shadowbringers (5.0)","Duty","Raids","Raid-Normal","Eden's Gate: Sepulture","80","425","https://na.finalfantasyxiv.com/lodestone/playguide/db/duty/b2a4cb98763/"
"4","Shadowbringers (5.0)","Duty","Raids","Raid-Normal","Eden's Verse: Fulmination","80","455","https://na.finalfantasyxiv.com/lodestone/playguide/db/duty/d743dcfe06a/"
"4","Shadowbringers (5.0)","Duty","Raids","Raid-Normal","Eden's Verse: Furor","80","455","https://na.finalfantasyxiv.com/lodestone/playguide/db/duty/cdc9ff33eff/"
"4","Shadowbringers (5.0)","Duty","Raids","Raid-Normal","Eden's Verse: Iconoclasm","80","455","https://na.finalfantasyxiv.com/lodestone/playguide/db/duty/96ff35ae58b/"
"4","Shadowbringers (5.0)","Duty","Raids","Raid-Normal","Eden's Verse: Refulgence","80","455","https://na.finalfantasyxiv.com/lodestone/playguide/db/duty/2024c23c039/"
"4","Shadowbringers (5.0)","Duty","Raids","Raid-Normal","Eden's Promise: Anamorphosis","80","485","https://na.finalfantasyxiv.com/lodestone/playguide/db/duty/ada07e3d029/"
"4","Shadowbringers (5.0)","Duty","Raids","Raid-Normal","Eden's Promise: Eternity","80","485","https://na.finalfantasyxiv.com/lodestone/playguide/db/duty/d53631d5202/"
"4","Shadowbringers (5.0)","Duty","Raids","Raid-Normal","Eden's Promise: Litany","80","485","https://na.finalfantasyxiv.com/lodestone/playguide/db/duty/aafa2130da3/"
"4","Shadowbringers (5.0)","Duty","Raids","Raid-Normal","Eden's Promise: Umbra","80","485","https://na.finalfantasyxiv.com/lodestone/playguide/db/duty/83f9103a01c/"
"4","Shadowbringers (5.0)","Duty","Raids","Raid-Savage","Eden's Gate: Resurrection (Savage)","80","440","https://na.finalfantasyxiv.com/lodestone/playguide/db/duty/b82ab97c785/"
"4","Shadowbringers (5.0)","Duty","Raids","Raid-Savage","Eden's Gate: Descent (Savage)","80","445","https://na.finalfantasyxiv.com/lodestone/playguide/db/duty/7616847b849/"
"4","Shadowbringers (5.0)","Duty","Raids","Raid-Savage","Eden's Gate: Inundation (Savage)","80","450","https://na.finalfantasyxiv.com/lodestone/playguide/db/duty/3a52efcba77/"
"4","Shadowbringers (5.0)","Duty","Raids","Raid-Savage","Eden's Gate: Sepulture (Savage)","80","450","https://na.finalfantasyxiv.com/lodestone/playguide/db/duty/3f2c9ddbe05/"
"4","Shadowbringers (5.0)","Duty","Raids","Raid-Savage","Eden's Verse: Fulmination (Savage)","80","470","https://na.finalfantasyxiv.com/lodestone/playguide/db/duty/718aa90e33d/"
"4","Shadowbringers (5.0)","Duty","Raids","Raid-Savage","Eden's Verse: Furor (Savage)","80","475","https://na.finalfantasyxiv.com/lodestone/playguide/db/duty/8e7439e713d/"
"4","Shadowbringers (5.0)","Duty","Raids","Raid-Savage","Eden's Verse: Iconoclasm (Savage)","80","480","https://na.finalfantasyxiv.com/lodestone/playguide/db/duty/cfa4ab23330/"
"4","Shadowbringers (5.0)","Duty","Raids","Raid-Savage","Eden's Verse: Refulgence (Savage)","80","480","https://na.finalfantasyxiv.com/lodestone/playguide/db/duty/46c4d21a738/"
"4","Shadowbringers (5.0)","Duty","Raids","Raid-Savage","Eden's Promise: Umbra (Savage)","80","500","https://na.finalfantasyxiv.com/lodestone/playguide/db/duty/a1d3734280f/"
"4","Shadowbringers (5.0)","Duty","Raids","Raid-Savage","Eden's Promise: Litany (Savage)","80","505","https://na.finalfantasyxiv.com/lodestone/playguide/db/duty/efd7884c5da/"
"4","Shadowbringers (5.0)","Duty","Raids","Raid-Savage","Eden's Promise: Anamorphosis (Savage)","80","510","https://na.finalfantasyxiv.com/lodestone/playguide/db/duty/b890b8c68d5/"
"4","Shadowbringers (5.0)","Duty","Raids","Raid-Savage","Eden's Promise: Eternity (Savage)","80","510","https://na.finalfantasyxiv.com/lodestone/playguide/db/duty/6a038f0d5ef/"
"4","Shadowbringers (5.0)","Duty","Trials","Trial-Extreme","The Crown of the Immaculate (Extreme)","80","430","https://na.finalfantasyxiv.com/lodestone/playguide/db/duty/55504d0495f/"
"4","Shadowbringers (5.0)","Duty","Trials","Trial-Extreme","The Dancing Plague (Extreme)","80","430","https://na.finalfantasyxiv.com/lodestone/playguide/db/duty/bad53f19540/"
"4","Shadowbringers (5.0)","Duty","Trials","Trial-Extreme","Cinder Drift (Extreme)","80","470","https://na.finalfantasyxiv.com/lodestone/playguide/db/duty/b388be5eb05/"
"4","Shadowbringers (5.0)","Duty","Trials","Trial-Extreme","Memoria Misera (Extreme)","80","470","https://na.finalfantasyxiv.com/lodestone/playguide/db/duty/841d3f69efd/"
"4","Shadowbringers (5.0)","Duty","Trials","Trial-Extreme","The Seat of Sacrifice (Extreme)","80","480","https://na.finalfantasyxiv.com/lodestone/playguide/db/duty/1543e03ff37/"
"4","Shadowbringers (5.0)","Duty","Trials","Trial-Extreme","Castrum Marinum (Extreme)","80","500","https://na.finalfantasyxiv.com/lodestone/playguide/db/duty/16e9780d10e/"
"4","Shadowbringers (5.0)","Duty","Trials","Trial-Extreme","The Cloud Deck (Extreme)","80","510","https://na.finalfantasyxiv.com/lodestone/playguide/db/duty/c4a2acf0912/"
"4","Shadowbringers (5.0)","Duty","Trials","Trial-Normal","The Dancing Plague","73",,"https://na.finalfantasyxiv.com/lodestone/playguide/db/duty/dbf2007968d/"
"4","Shadowbringers (5.0)","Duty","Trials","Trial-Normal","The Crown of the Immaculate","79",,"https://na.finalfantasyxiv.com/lodestone/playguide/db/duty/0b1d4434e26/"
"4","Shadowbringers (5.0)","Duty","Trials","Trial-Normal","The Dying Gasp","80","410","https://na.finalfantasyxiv.com/lodestone/playguide/db/duty/6b31d339381/"
"4","Shadowbringers (5.0)","Duty","Trials","Trial-Normal","The Minstrel's Ballad: Hades's Elegy","80","450","https://na.finalfantasyxiv.com/lodestone/playguide/db/duty/b2e08d16bce/"
"4","Shadowbringers (5.0)","Duty","Trials","Trial-Normal","Cinder Drift","80","455","https://na.finalfantasyxiv.com/lodestone/playguide/db/duty/793ed012f43/"
"4","Shadowbringers (5.0)","Duty","Trials","Trial-Normal","The Seat of Sacrifice","80","465","https://na.finalfantasyxiv.com/lodestone/playguide/db/duty/16b75e706b3/"
"4","Shadowbringers (5.0)","Duty","Trials","Trial-Normal","Castrum Marinum","80","485","https://na.finalfantasyxiv.com/lodestone/playguide/db/duty/cd08ecb15cc/"
"4","Shadowbringers (5.0)","Duty","Trials","Trial-Normal","The Cloud Deck","80","495","https://na.finalfantasyxiv.com/lodestone/playguide/db/duty/138006e2d76/"
"4","Shadowbringers (5.0)","Duty","Ultimate","Ultimate","The Epic of Alexander (Ultimate)","80",,"https://na.finalfantasyxiv.com/lodestone/playguide/db/duty/b56710190e9/"
"5","Endwalker (6.0)","Duty","Raids","Alliance-Raid","Aglaia","90","565","https://na.finalfantasyxiv.com/lodestone/playguide/db/duty/ced36158c27/"
"5","Endwalker (6.0)","Duty","Raids","Alliance-Raid","Euphrosyne","90","595","https://na.finalfantasyxiv.com/lodestone/playguide/db/duty/990f420dd6e/"
"5","Endwalker (6.0)","Duty","Raids","Alliance-Raid","Thaleia","90","625","https://na.finalfantasyxiv.com/lodestone/playguide/db/duty/d4b9d40f28b/"
"5","Endwalker (6.0)","Dungeon","Dungeon","Dungeon","The Tower of Zot","81","500","https://na.finalfantasyxiv.com/lodestone/playguide/db/duty/9c317b74e3a/"
"5","Endwalker (6.0)","Dungeon","Dungeon","Dungeon","The Tower of Babil","83","505","https://na.finalfantasyxiv.com/lodestone/playguide/db/duty/3297718033f/"
"5","Endwalker (6.0)","Dungeon","Dungeon","Dungeon","Vanaspati","85","510","https://na.finalfantasyxiv.com/lodestone/playguide/db/duty/dadcd891cc1/"
"5","Endwalker (6.0)","Dungeon","Dungeon","Dungeon","Ktisis Hyperboreia","87","515","https://na.finalfantasyxiv.com/lodestone/playguide/db/duty/8514a64c969/"
"5","Endwalker (6.0)","Dungeon","Dungeon","Dungeon","The Aitiascope","89","520","https://na.finalfantasyxiv.com/lodestone/playguide/db/duty/fd65b266f55/"
"5","Endwalker (6.0)","Dungeon","Dungeon","Dungeon","Smileton","90","540","https://na.finalfantasyxiv.com/lodestone/playguide/db/duty/175e6a7245d/"
"5","Endwalker (6.0)","Dungeon","Dungeon","Dungeon","The Dead Ends","90","540","https://na.finalfantasyxiv.com/lodestone/playguide/db/duty/ba59c193b71/"
"5","Endwalker (6.0)","Dungeon","Dungeon","Dungeon","The Stigma Dreamscape","90","540","https://na.finalfantasyxiv.com/lodestone/playguide/db/duty/25f8ec27427/"
"5","Endwalker (6.0)","Dungeon","Dungeon","Dungeon","Alzadaal's Legacy","90","560","https://na.finalfantasyxiv.com/lodestone/playguide/db/duty/d56ff366a07/"
"5","Endwalker (6.0)","Dungeon","Dungeon","Dungeon","The Fell Court of Troia","90","575","https://na.finalfantasyxiv.com/lodestone/playguide/db/duty/d75f0e7733b/"
"5","Endwalker (6.0)","Dungeon","Dungeon","Dungeon","Lapis Manalis","90","590","https://na.finalfantasyxiv.com/lodestone/playguide/db/duty/ce91893321f/"
"5","Endwalker (6.0)","Dungeon","Dungeon","Dungeon","The Aetherfont","90","605","https://na.finalfantasyxiv.com/lodestone/playguide/db/duty/ee802d0c0ef/"
"5","Endwalker (6.0)","Dungeon","Dungeon","Dungeon","The Lunar Subterrane","90","620","https://na.finalfantasyxiv.com/lodestone/playguide/db/duty/f3d52caf5b5/"
"5","Endwalker (6.0)","Duty","Raids","Raid-Normal","Asphodelos: The First Circle","90","565","https://na.finalfantasyxiv.com/lodestone/playguide/db/duty/87c1d270e4a/"
"5","Endwalker (6.0)","Duty","Raids","Raid-Normal","Asphodelos: The Fourth Circle","90","565","https://na.finalfantasyxiv.com/lodestone/playguide/db/duty/8766feb6d35/"
"5","Endwalker (6.0)","Duty","Raids","Raid-Normal","Asphodelos: The Second Circle","90","565","https://na.finalfantasyxiv.com/lodestone/playguide/db/duty/53197e092c0/"
"5","Endwalker (6.0)","Duty","Raids","Raid-Normal","Asphodelos: The Third Circle","90","565","https://na.finalfantasyxiv.com/lodestone/playguide/db/duty/489f861eb7b/"
"5","Endwalker (6.0)","Duty","Raids","Raid-Normal","Abyssos: The Eighth Circle","90","585","https://na.finalfantasyxiv.com/lodestone/playguide/db/duty/4d2ad8ae660/"
"5","Endwalker (6.0)","Duty","Raids","Raid-Normal","Abyssos: The Fifth Circle","90","585","https://na.finalfantasyxiv.com/lodestone/playguide/db/duty/d214bf6237c/"
"5","Endwalker (6.0)","Duty","Raids","Raid-Normal","Abyssos: The Seventh Circle","90","585","https://na.finalfantasyxiv.com/lodestone/playguide/db/duty/0929b0c05bc/"
"5","Endwalker (6.0)","Duty","Raids","Raid-Normal","Abyssos: The Sixth Circle","90","585","https://na.finalfantasyxiv.com/lodestone/playguide/db/duty/96af4bd34f2/"
"5","Endwalker (6.0)","Duty","Raids","Raid-Normal","Anabaseios: The Eleventh Circle","90","615","https://na.finalfantasyxiv.com/lodestone/playguide/db/duty/e142dd574bd/"
"5","Endwalker (6.0)","Duty","Raids","Raid-Normal","Anabaseios: The Ninth Circle","90","615","https://na.finalfantasyxiv.com/lodestone/playguide/db/duty/27ea99ce75a/"
"5","Endwalker (6.0)","Duty","Raids","Raid-Normal","Anabaseios: The Tenth Circle","90","615","https://na.finalfantasyxiv.com/lodestone/playguide/db/duty/335e519ce87/"
"5","Endwalker (6.0)","Duty","Raids","Raid-Normal","Anabaseios: The Twelfth Circle","90","615","https://na.finalfantasyxiv.com/lodestone/playguide/db/duty/33b1d5ca8c6/"
"5","Endwalker (6.0)","Duty","Raids","Raid-Savage","Asphodelos: The First Circle (Savage)","90","570","https://na.finalfantasyxiv.com/lodestone/playguide/db/duty/4b208ad41f2/"
"5","Endwalker (6.0)","Duty","Raids","Raid-Savage","Asphodelos: The Second Circle (Savage)","90","575","https://na.finalfantasyxiv.com/lodestone/playguide/db/duty/35e4afe3707/"
"5","Endwalker (6.0)","Duty","Raids","Raid-Savage","Asphodelos: The Fourth Circle (Savage)","90","580","https://na.finalfantasyxiv.com/lodestone/playguide/db/duty/ae08cc4d4bf/"
"5","Endwalker (6.0)","Duty","Raids","Raid-Savage","Asphodelos: The Third Circle (Savage)","90","580","https://na.finalfantasyxiv.com/lodestone/playguide/db/duty/a0917729fae/"
"5","Endwalker (6.0)","Duty","Raids","Raid-Savage","Abyssos: The Fifth Circle (Savage)","90","600","https://na.finalfantasyxiv.com/lodestone/playguide/db/duty/2fde7757141/"
"5","Endwalker (6.0)","Duty","Raids","Raid-Savage","Abyssos: The Sixth Circle (Savage)","90","605","https://na.finalfantasyxiv.com/lodestone/playguide/db/duty/8c58de9229d/"
"5","Endwalker (6.0)","Duty","Raids","Raid-Savage","Abyssos: The Eighth Circle (Savage)","90","610","https://na.finalfantasyxiv.com/lodestone/playguide/db/duty/415152e3e5d/"
"5","Endwalker (6.0)","Duty","Raids","Raid-Savage","Abyssos: The Seventh Circle (Savage)","90","610","https://na.finalfantasyxiv.com/lodestone/playguide/db/duty/8d0f4a3b03c/"
"5","Endwalker (6.0)","Duty","Raids","Raid-Savage","Anabaseios: The Ninth Circle (Savage)","90","630","https://na.finalfantasyxiv.com/lodestone/playguide/db/duty/aec1462687d/"
"5","Endwalker (6.0)","Duty","Raids","Raid-Savage","Anabaseios: The Tenth Circle (Savage)","90","635","https://na.finalfantasyxiv.com/lodestone/playguide/db/duty/5f4cfac710d/"
"5","Endwalker (6.0)","Duty","Raids","Raid-Savage","Anabaseios: The Eleventh Circle (Savage)","90","640","https://na.finalfantasyxiv.com/lodestone/playguide/db/duty/d10aca4942d/"
"5","Endwalker (6.0)","Duty","Raids","Raid-Savage","Anabaseios: The Twelfth Circle (Savage)","90","640","https://na.finalfantasyxiv.com/lodestone/playguide/db/duty/870a31c60c4/"
"5","Endwalker (6.0)","Duty","Trials","Trial-Extreme","Storm's Crown (Extreme)","90","600","https://na.finalfantasyxiv.com/lodestone/playguide/db/duty/7aa78623503/"
"5","Endwalker (6.0)","Duty","Trials","Trial-Extreme","Mount Ordeals (Extreme)","90","610","https://na.finalfantasyxiv.com/lodestone/playguide/db/duty/0eb5dd38d5a/"
"5","Endwalker (6.0)","Duty","Trials","Trial-Extreme","The Voidcast Dais (Extreme)","90","630","https://na.finalfantasyxiv.com/lodestone/playguide/db/duty/ea1daa24090/"
"5","Endwalker (6.0)","Duty","Trials","Trial-Extreme","The Abyssal Fracture (Extreme)","90","640","https://na.finalfantasyxiv.com/lodestone/playguide/db/duty/04dba833267/"
"5","Endwalker (6.0)","Duty","Trials","Trial-Normal","The Dark Inside","83",,"https://na.finalfantasyxiv.com/lodestone/playguide/db/duty/6eed2137942/"
"5","Endwalker (6.0)","Duty","Trials","Trial-Normal","The Mothercrystal","89",,"https://na.finalfantasyxiv.com/lodestone/playguide/db/duty/044b34a37ca/"
"5","Endwalker (6.0)","Duty","Trials","Trial-Normal","The Final Day","90","540","https://na.finalfantasyxiv.com/lodestone/playguide/db/duty/7b4070f67f6/"
"5","Endwalker (6.0)","Duty","Trials","Trial-Normal","The Minstrel's Ballad: Hydaelyn's Call","90","560","https://na.finalfantasyxiv.com/lodestone/playguide/db/duty/0dbba05fd0f/"
"5","Endwalker (6.0)","Duty","Trials","Trial-Normal","The Minstrel's Ballad: Zodiark's Fall","90","560","https://na.finalfantasyxiv.com/lodestone/playguide/db/duty/f40a8f14d6d/"
"5","Endwalker (6.0)","Duty","Trials","Trial-Normal","The Minstrel's Ballad: Endsinger's Aria","90","580","https://na.finalfantasyxiv.com/lodestone/playguide/db/duty/0c90d0fd67b/"
"5","Endwalker (6.0)","Duty","Trials","Trial-Normal","Storm's Crown","90","585","https://na.finalfantasyxiv.com/lodestone/playguide/db/duty/7db24777c99/"
"5","Endwalker (6.0)","Duty","Trials","Trial-Normal","Mount Ordeals","90","595","https://na.finalfantasyxiv.com/lodestone/playguide/db/duty/524d9878b6b/"
"5","Endwalker (6.0)","Duty","Trials","Trial-Normal","The Voidcast Dais","90","615","https://na.finalfantasyxiv.com/lodestone/playguide/db/duty/f1f90009296/"
"5","Endwalker (6.0)","Duty","Trials","Trial-Normal","The Abyssal Fracture","90","625","https://na.finalfantasyxiv.com/lodestone/playguide/db/duty/dd8721dfa4b/"
"5","Endwalker (6.0)","Duty","Trials","Trial-Normal","The Gilded Araya","90","625","https://na.finalfantasyxiv.com/lodestone/playguide/db/duty/17ba391b62b/"
"5","Endwalker (6.0)","Duty","Ultimate","Ultimate","Dragonsong's Reprise (Ultimate)","90",,"https://na.finalfantasyxiv.com/lodestone/playguide/db/duty/ba184b63c2d/"
"5","Endwalker (6.0)","Duty","Ultimate","Ultimate","The Omega Protocol (Ultimate)","90",,"https://na.finalfantasyxiv.com/lodestone/playguide/db/duty/dccacd176f4/"
"6","Dawntrail (7.0)","Duty","Raids","Alliance-Raid","Jeuno: The First Walk","100","695","https://na.finalfantasyxiv.com/lodestone/playguide/db/duty/1318e475557/"
"6","Dawntrail (7.0)","Duty","Raids","Alliance-Raid","San d'Oria: The Second Walk","100","725","https://na.finalfantasyxiv.com/lodestone/playguide/db/duty/2659bec79dd/"
"6","Dawntrail (7.0)","Duty","Raids","Alliance-Raid","Windurst: The Third Walk","100","755","https://na.finalfantasyxiv.com/lodestone/playguide/db/duty/e40698b1f19/"
"6","Dawntrail (7.0)","Dungeon","Dungeon","Dungeon","Ihuykatumu","91","630","https://na.finalfantasyxiv.com/lodestone/playguide/db/duty/259c37be2ea/"
"6","Dawntrail (7.0)","Dungeon","Dungeon","Dungeon","Worqor Zormor","93","635","https://na.finalfantasyxiv.com/lodestone/playguide/db/duty/3234aee78f4/"
"6","Dawntrail (7.0)","Dungeon","Dungeon","Dungeon","The Skydeep Cenote","95","640","https://na.finalfantasyxiv.com/lodestone/playguide/db/duty/e96880d0f74/"
"6","Dawntrail (7.0)","Dungeon","Dungeon","Dungeon","Vanguard","97","645","https://na.finalfantasyxiv.com/lodestone/playguide/db/duty/fde94d8793d/"
"6","Dawntrail (7.0)","Dungeon","Dungeon","Dungeon","Origenics","99","650","https://na.finalfantasyxiv.com/lodestone/playguide/db/duty/5fed58bd8cb/"
"6","Dawntrail (7.0)","Dungeon","Dungeon","Dungeon","Alexandria","100","670","https://na.finalfantasyxiv.com/lodestone/playguide/db/duty/1e2a6c0010b/"
"6","Dawntrail (7.0)","Dungeon","Dungeon","Dungeon","Tender Valley","100","670","https://na.finalfantasyxiv.com/lodestone/playguide/db/duty/915e0e65c0c/"
"6","Dawntrail (7.0)","Dungeon","Dungeon","Dungeon","The Strayborough Deadwalk","100","670","https://na.finalfantasyxiv.com/lodestone/playguide/db/duty/cd523999c2e/"
"6","Dawntrail (7.0)","Dungeon","Dungeon","Dungeon","Yuweyawata Field Station","100","690","https://na.finalfantasyxiv.com/lodestone/playguide/db/duty/d6db03218c4/"
"6","Dawntrail (7.0)","Dungeon","Dungeon","Dungeon","The Underkeep","100","705","https://na.finalfantasyxiv.com/lodestone/playguide/db/duty/25a4d40f3f1/"
"6","Dawntrail (7.0)","Dungeon","Dungeon","Dungeon","The Meso Terminal","100","720","https://na.finalfantasyxiv.com/lodestone/playguide/db/duty/abbf8a4eef4/"
"6","Dawntrail (7.0)","Dungeon","Dungeon","Dungeon","Mistwake","100","735","https://na.finalfantasyxiv.com/lodestone/playguide/db/duty/6a4b324a5c5/"
"6","Dawntrail (7.0)","Dungeon","Dungeon","Dungeon","The Clyteum","100","750","https://na.finalfantasyxiv.com/lodestone/playguide/db/duty/9b60aea1679/"
"6","Dawntrail (7.0)","Duty","Raids","Raid-Normal","AAC Light-heavyweight M1","100","685","https://na.finalfantasyxiv.com/lodestone/playguide/db/duty/cc1de0a3c10/"
"6","Dawntrail (7.0)","Duty","Raids","Raid-Normal","AAC Light-heavyweight M2","100","685","https://na.finalfantasyxiv.com/lodestone/playguide/db/duty/6eb0b53fed5/"
"6","Dawntrail (7.0)","Duty","Raids","Raid-Normal","AAC Light-heavyweight M3","100","685","https://na.finalfantasyxiv.com/lodestone/playguide/db/duty/107e7c1240f/"
"6","Dawntrail (7.0)","Duty","Raids","Raid-Normal","AAC Light-heavyweight M4","100","685","https://na.finalfantasyxiv.com/lodestone/playguide/db/duty/d247d8e66b5/"
"6","Dawntrail (7.0)","Duty","Raids","Raid-Normal","AAC Cruiserweight M1","100","715","https://na.finalfantasyxiv.com/lodestone/playguide/db/duty/ab1b1344b17/"
"6","Dawntrail (7.0)","Duty","Raids","Raid-Normal","AAC Cruiserweight M2","100","715","https://na.finalfantasyxiv.com/lodestone/playguide/db/duty/708f405c964/"
"6","Dawntrail (7.0)","Duty","Raids","Raid-Normal","AAC Cruiserweight M3","100","715","https://na.finalfantasyxiv.com/lodestone/playguide/db/duty/9f10feac1d7/"
"6","Dawntrail (7.0)","Duty","Raids","Raid-Normal","AAC Cruiserweight M4","100","715","https://na.finalfantasyxiv.com/lodestone/playguide/db/duty/435f30bec71/"
"6","Dawntrail (7.0)","Duty","Raids","Raid-Normal","AAC Heavyweight M1","100","745","https://na.finalfantasyxiv.com/lodestone/playguide/db/duty/6da40c894e4/"
"6","Dawntrail (7.0)","Duty","Raids","Raid-Normal","AAC Heavyweight M2","100","745","https://na.finalfantasyxiv.com/lodestone/playguide/db/duty/34c67ccecb0/"
"6","Dawntrail (7.0)","Duty","Raids","Raid-Normal","AAC Heavyweight M3","100","745","https://na.finalfantasyxiv.com/lodestone/playguide/db/duty/670eb3e2b6a/"
"6","Dawntrail (7.0)","Duty","Raids","Raid-Normal","AAC Heavyweight M4","100","745","https://na.finalfantasyxiv.com/lodestone/playguide/db/duty/6e8717f3032/"
"6","Dawntrail (7.0)","Duty","Raids","Raid-Savage","AAC Light-heavyweight M1 (Savage)","100","700","https://na.finalfantasyxiv.com/lodestone/playguide/db/duty/07948fe0134/"
"6","Dawntrail (7.0)","Duty","Raids","Raid-Savage","AAC Light-heavyweight M2 (Savage)","100","705","https://na.finalfantasyxiv.com/lodestone/playguide/db/duty/9b007f16ff1/"
"6","Dawntrail (7.0)","Duty","Raids","Raid-Savage","AAC Light-heavyweight M3 (Savage)","100","710","https://na.finalfantasyxiv.com/lodestone/playguide/db/duty/c0e63a9310f/"
"6","Dawntrail (7.0)","Duty","Raids","Raid-Savage","AAC Light-heavyweight M4 (Savage)","100","710","https://na.finalfantasyxiv.com/lodestone/playguide/db/duty/34b593269b4/"
"6","Dawntrail (7.0)","Duty","Raids","Raid-Savage","AAC Cruiserweight M1 (Savage)","100","730","https://na.finalfantasyxiv.com/lodestone/playguide/db/duty/44ba561a03b/"
"6","Dawntrail (7.0)","Duty","Raids","Raid-Savage","AAC Cruiserweight M2 (Savage)","100","735","https://na.finalfantasyxiv.com/lodestone/playguide/db/duty/758b74dc0be/"
"6","Dawntrail (7.0)","Duty","Raids","Raid-Savage","AAC Cruiserweight M3 (Savage)","100","740","https://na.finalfantasyxiv.com/lodestone/playguide/db/duty/4ff435d67fa/"
"6","Dawntrail (7.0)","Duty","Raids","Raid-Savage","AAC Cruiserweight M4 (Savage)","100","740","https://na.finalfantasyxiv.com/lodestone/playguide/db/duty/e9a3fbb3112/"
"6","Dawntrail (7.0)","Duty","Raids","Raid-Savage","AAC Heavyweight M1 (Savage)","100","760","https://na.finalfantasyxiv.com/lodestone/playguide/db/duty/3ea058f9348/"
"6","Dawntrail (7.0)","Duty","Raids","Raid-Savage","AAC Heavyweight M2 (Savage)","100","765","https://na.finalfantasyxiv.com/lodestone/playguide/db/duty/dfd2edd76f7/"
"6","Dawntrail (7.0)","Duty","Raids","Raid-Savage","AAC Heavyweight M3 (Savage)","100","770","https://na.finalfantasyxiv.com/lodestone/playguide/db/duty/83e7eae649b/"
"6","Dawntrail (7.0)","Duty","Raids","Raid-Savage","AAC Heavyweight M4 (Savage)","100","770","https://na.finalfantasyxiv.com/lodestone/playguide/db/duty/55f77a8592c/"
"6","Dawntrail (7.0)","Duty","Trials","Trial-Extreme","Everkeep (Extreme)","100","690","https://na.finalfantasyxiv.com/lodestone/playguide/db/duty/515c012009a/"
"6","Dawntrail (7.0)","Duty","Trials","Trial-Extreme","Worqor Lar Dor (Extreme)","100","690","https://na.finalfantasyxiv.com/lodestone/playguide/db/duty/ccc7473c187/"
"6","Dawntrail (7.0)","Duty","Trials","Trial-Extreme","Recollection (Extreme)","100","730","https://na.finalfantasyxiv.com/lodestone/playguide/db/duty/f68051c8d60/"
"6","Dawntrail (7.0)","Duty","Trials","Trial-Extreme","The Windward Wilds (Extreme)","100","740","https://na.finalfantasyxiv.com/lodestone/playguide/db/duty/6a12ba25136/"
"6","Dawntrail (7.0)","Duty","Trials","Trial-Extreme","Hell on Rails (Extreme)","100","760","https://na.finalfantasyxiv.com/lodestone/playguide/db/duty/f6df7a9a911/"
"6","Dawntrail (7.0)","Duty","Trials","Trial-Extreme","The Unmaking (Extreme)","100","770","https://na.finalfantasyxiv.com/lodestone/playguide/db/duty/3fb8752a6df/"
"6","Dawntrail (7.0)","Duty","Trials","Trial-Normal","Worqor Lar Dor","93",,"https://na.finalfantasyxiv.com/lodestone/playguide/db/duty/2fc80be63e2/"
"6","Dawntrail (7.0)","Duty","Trials","Trial-Normal","Everkeep","99",,"https://na.finalfantasyxiv.com/lodestone/playguide/db/duty/72c4bd9bafa/"
"6","Dawntrail (7.0)","Duty","Trials","Trial-Normal","The Interphos","100","670","https://na.finalfantasyxiv.com/lodestone/playguide/db/duty/ba0e236d90e/"
"6","Dawntrail (7.0)","Duty","Trials","Trial-Normal","The Minstrel's Ballad: Sphene's Burden","100","710","https://na.finalfantasyxiv.com/lodestone/playguide/db/duty/aa6e7d00035/"
"6","Dawntrail (7.0)","Duty","Trials","Trial-Normal","Recollection","100","715","https://na.finalfantasyxiv.com/lodestone/playguide/db/duty/7b8ecdbd6af/"
"6","Dawntrail (7.0)","Duty","Trials","Trial-Normal","The Ageless Necropolis","100","725","https://na.finalfantasyxiv.com/lodestone/playguide/db/duty/8fc44efcf27/"
"6","Dawntrail (7.0)","Duty","Trials","Trial-Normal","The Windward Wilds","100","725","https://na.finalfantasyxiv.com/lodestone/playguide/db/duty/5c0593fafa3/"
"6","Dawntrail (7.0)","Duty","Trials","Trial-Normal","The Minstrel's Ballad: Necron's Embrace","100","740","https://na.finalfantasyxiv.com/lodestone/playguide/db/duty/403fcc21435/"
"6","Dawntrail (7.0)","Duty","Trials","Trial-Normal","Hell on Rails","100","745","https://na.finalfantasyxiv.com/lodestone/playguide/db/duty/2db4beb1880/"
"6","Dawntrail (7.0)","Duty","Trials","Trial-Normal","The Unmaking","100","755","https://na.finalfantasyxiv.com/lodestone/playguide/db/duty/34eee313091/"
"6","Dawntrail (7.0)","Duty","Trials","Trial-Unreal","Shinryu's Domain (Unreal)","100","690","https://na.finalfantasyxiv.com/lodestone/playguide/db/duty/7b80a63cb62/"
"6","Dawntrail (7.0)","Duty","Ultimate","Ultimate","Dancing Mad (Ultimate)","100",,"https://na.finalfantasyxiv.com/lodestone/playguide/db/duty/71401e7e274/"
"6","Dawntrail (7.0)","Duty","Ultimate","Ultimate","Futures Rewritten (Ultimate)","100",,"https://na.finalfantasyxiv.com/lodestone/playguide/db/duty/d7ca52c7e6c/"
