"Ver","Name","ReqLevel","AvgItemLevel","Link"
"0","Sastasha","15","-","/lodestone/playguide/db/duty/b229b89b3a8/"
"0","The Tam-Tara Deepcroft","16","-","/lodestone/playguide/db/duty/29e71c3b0a0/"
"0","Copperbell Mines","17","-","/lodestone/playguide/db/duty/619923ac984/"
"0","Halatali","20","-","/lodestone/playguide/db/duty/98319325b98/"
"0","The Thousand Maws of Toto-Rak","24","-","/lodestone/playguide/db/duty/cf7612fa294/"
"0","Haukke Manor","28","-","/lodestone/playguide/db/duty/e9740dde26c/"
"0","Brayflox's Longstop","32","-","/lodestone/playguide/db/duty/e371c7ab919/"
"0","The Sunken Temple of Qarn","35","-","/lodestone/playguide/db/duty/b7a48152df9/"
"0","Cutter's Cry","38","-","/lodestone/playguide/db/duty/d601f85dc1e/"
"0","The Stone Vigil","41","-","/lodestone/playguide/db/duty/b6491e1b508/"
"0","Dzemael Darkhold","44","-","/lodestone/playguide/db/duty/4a36cbca533/"
"0","The Aurum Vale","47","-","/lodestone/playguide/db/duty/f507633618c/"
"0","The Wanderer's Palace","50","45","/lodestone/playguide/db/duty/3fd66be47b2/"
"0","Castrum Meridianum","50","42","/lodestone/playguide/db/duty/59c2b3b84fa/"
"0","The Praetorium","50","42","/lodestone/playguide/db/duty/f6de0165484/"
"0","Amdapor Keep","50","45","/lodestone/playguide/db/duty/ae8a92122ec/"
"0","Pharos Sirius","50","48","/lodestone/playguide/db/duty/a8dd3748467/"
"0","Copperbell Mines (Hard)","50","48","/lodestone/playguide/db/duty/a780ca9b970/"
"0","Haukke Manor (Hard)","50","48","/lodestone/playguide/db/duty/61c74c68e00/"
"0","The Lost City of Amdapor","50","55","/lodestone/playguide/db/duty/87d3b951d3d/"
"0","Halatali (Hard)","50","55","/lodestone/playguide/db/duty/d536b8f0cc8/"
"0","Brayflox's Longstop (Hard)","50","55","/lodestone/playguide/db/duty/40681f6c94a/"
"0","Hullbreaker Isle","50","70","/lodestone/playguide/db/duty/18aeffad7c5/"
"0","The Tam-Tara Deepcroft (Hard)","50","70","/lodestone/playguide/db/duty/84d01fe5b6c/"
"0","The Stone Vigil (Hard)","50","70","/lodestone/playguide/db/duty/418628edfbf/"
"0","Snowcloak","50","80","/lodestone/playguide/db/duty/6f1778eb631/"
"0","Sastasha (Hard)","50","80","/lodestone/playguide/db/duty/df38ed5c808/"
"0","The Sunken Temple of Qarn (Hard)","50","80","/lodestone/playguide/db/duty/6b35d4a1179/"
"0","The Keeper of the Lake","50","90","/lodestone/playguide/db/duty/5e75d2059af/"
"0","The Wanderer's Palace (Hard)","50","90","/lodestone/playguide/db/duty/7c11b0ba080/"
"0","Amdapor Keep (Hard)","50","90","/lodestone/playguide/db/duty/a4288ecf826/"
"1","The Dusk Vigil","51","100","/lodestone/playguide/db/duty/df5ab8bfd61/"
"1","Sohm Al","53","105","/lodestone/playguide/db/duty/eed0add7a62/"
"1","The Aery","55","110","/lodestone/playguide/db/duty/339c4923556/"
"1","The Vault","57","115","/lodestone/playguide/db/duty/a62f7ee3718/"
"1","The Great Gubal Library","59","120","/lodestone/playguide/db/duty/f368b40c648/"
"1","The Aetherochemical Research Facility","60","142","/lodestone/playguide/db/duty/923e0a1d1d0/"
"1","Neverreap","60","145","/lodestone/playguide/db/duty/618168354ea/"
"1","The Fractal Continuum","60","145","/lodestone/playguide/db/duty/c39cf50a6a5/"
"1","Saint Mocianne's Arboretum","60","170","/lodestone/playguide/db/duty/cdad1cb65e8/"
"1","Pharos Sirius (Hard)","60","170","/lodestone/playguide/db/duty/cd500c08682/"
"1","The Antitower","60","180","/lodestone/playguide/db/duty/36e172ff46c/"
"1","The Lost City of Amdapor (Hard)","60","180","/lodestone/playguide/db/duty/193a96b0fa4/"
"1","Sohr Khai","60","200","/lodestone/playguide/db/duty/a8c7c5c13bd/"
"1","Hullbreaker Isle (Hard)","60","200","/lodestone/playguide/db/duty/313b1415d0f/"
"1","Xelphatol","60","210","/lodestone/playguide/db/duty/1d95a773990/"
"1","The Great Gubal Library (Hard)","60","210","/lodestone/playguide/db/duty/d6e98e35e6f/"
"1","Baelsar's Wall","60","230","/lodestone/playguide/db/duty/bc72ef27ade/"
"1","Sohm Al (Hard)","60","230","/lodestone/playguide/db/duty/9bd9004a140/"
"2","The Sirensong Sea","61","240","/lodestone/playguide/db/duty/471227e1ee7/"
"2","Shisui of the Violet Tides","63","245","/lodestone/playguide/db/duty/39ba54ada1c/"
"2","Bardam's Mettle","65","250","/lodestone/playguide/db/duty/53d7100d839/"
"2","Doma Castle","67","255","/lodestone/playguide/db/duty/cd924bd8eac/"
"2","Castrum Abania","69","260","/lodestone/playguide/db/duty/e635797754f/"
"2","Ala Mhigo","70","280","/lodestone/playguide/db/duty/c71bb06e67b/"
"2","Kugane Castle","70","280","/lodestone/playguide/db/duty/37d0e83919d/"
"2","The Temple of the Fist","70","280","/lodestone/playguide/db/duty/23edcb0d626/"
"2","The Drowned City of Skalla","70","300","/lodestone/playguide/db/duty/47ef709fb04/"
"2","Hells' Lid","70","310","/lodestone/playguide/db/duty/f9ab5899e9d/"
"2","The Fractal Continuum (Hard)","70","310","/lodestone/playguide/db/duty/b8bea03880d/"
"2","The Swallow's Compass","70","330","/lodestone/playguide/db/duty/35ed52cf463/"
"2","The Burn","70","340","/lodestone/playguide/db/duty/c8608c977a6/"
"2","Saint Mocianne's Arboretum (Hard)","70","340","/lodestone/playguide/db/duty/25cf070eeb4/"
"2","The Ghimlyt Dark","70","360","/lodestone/playguide/db/duty/33a05f144e4/"
"3","Holminster Switch","71","370","/lodestone/playguide/db/duty/a6165958a5c/"
"3","Dohn Mheg","73","375","/lodestone/playguide/db/duty/5f9f024b774/"
"3","The Qitana Ravel","75","380","/lodestone/playguide/db/duty/3aff2d6760c/"
"3","Malikah's Well","77","385","/lodestone/playguide/db/duty/f8fff809d77/"
"3","Mt. Gulg","79","390","/lodestone/playguide/db/duty/72f2e86daba/"
"3","Amaurot","80","410","/lodestone/playguide/db/duty/c5de427bfef/"
"3","The Twinning","80","410","/lodestone/playguide/db/duty/be6a14f45a6/"
"3","Akadaemia Anyder","80","410","/lodestone/playguide/db/duty/d2b053e4e31/"
"3","The Grand Cosmos","80","430","/lodestone/playguide/db/duty/1f246825352/"
"3","Anamnesis Anyder","80","440","/lodestone/playguide/db/duty/969e6501eb7/"
"3","The Heroes' Gauntlet","80","460","/lodestone/playguide/db/duty/44073b7449c/"
"3","Matoya's Relict","80","470","/lodestone/playguide/db/duty/5a30eb6b20d/"
"3","Paglth'an","80","490","/lodestone/playguide/db/duty/81f08141768/"
"4","The Tower of Zot","81","500","/lodestone/playguide/db/duty/9c317b74e3a/"
"4","The Tower of Babil","83","505","/lodestone/playguide/db/duty/3297718033f/"
"4","Vanaspati","85","510","/lodestone/playguide/db/duty/dadcd891cc1/"
"4","Ktisis Hyperboreia","87","515","/lodestone/playguide/db/duty/8514a64c969/"
"4","The Aitiascope","89","520","/lodestone/playguide/db/duty/fd65b266f55/"
"4","The Dead Ends","90","540","/lodestone/playguide/db/duty/ba59c193b71/"
"4","Smileton","90","540","/lodestone/playguide/db/duty/175e6a7245d/"
"4","The Stigma Dreamscape","90","540","/lodestone/playguide/db/duty/25f8ec27427/"
"4","Alzadaal's Legacy","90","560","/lodestone/playguide/db/duty/d56ff366a07/"
"4","The Fell Court of Troia","90","575","/lodestone/playguide/db/duty/d75f0e7733b/"
"4","Lapis Manalis","90","590","/lodestone/playguide/db/duty/ce91893321f/"
"4","The Aetherfont","90","605","/lodestone/playguide/db/duty/ee802d0c0ef/"
"4","The Lunar Subterrane","90","620","/lodestone/playguide/db/duty/f3d52caf5b5/"
"5","Ihuykatumu","91","630","/lodestone/playguide/db/duty/259c37be2ea/"
"5","Worqor Zormor","93","635","/lodestone/playguide/db/duty/3234aee78f4/"
"5","The Skydeep Cenote","95","640","/lodestone/playguide/db/duty/e96880d0f74/"
"5","Vanguard","97","645","/lodestone/playguide/db/duty/fde94d8793d/"
"5","Origenics","99","650","/lodestone/playguide/db/duty/5fed58bd8cb/"
"5","Alexandria","100","670","/lodestone/playguide/db/duty/1e2a6c0010b/"
"5","Tender Valley","100","670","/lodestone/playguide/db/duty/915e0e65c0c/"
"5","The Strayborough Deadwalk","100","670","/lodestone/playguide/db/duty/cd523999c2e/"
"5","Yuweyawata Field Station","100","690","/lodestone/playguide/db/duty/d6db03218c4/"
"5","The Underkeep","100","705","/lodestone/playguide/db/duty/25a4d40f3f1/"
"5","The Meso Terminal","100","720","/lodestone/playguide/db/duty/abbf8a4eef4/"
"5","Mistwake","100","735","/lodestone/playguide/db/duty/6a4b324a5c5/"
"5","The Clyteum","100","750","/lodestone/playguide/db/duty/9b60aea1679/"
